id,title,subtitle,poster,url,star_time
3398451437,后宫·如懿传,流潋紫 / 2012 / 中国华侨出版社,https://img9.doubanio.com/view/subject/l/public/s8890245.jpg,https://book.douban.com/subject/10490350/,2022-06-23 11:40:25
3398451332,络新妇之理（下）,[日] 京极夏彦 / 2009年11月 / 上海人民出版社,https://img9.doubanio.com/view/subject/l/public/s4034537.jpg,https://book.douban.com/subject/4038673/,2022-06-23 11:40:14
3398451284,络新妇之理（上）,[日] 京极夏彦 / 2009年11月 / 上海人民出版社,https://img9.doubanio.com/view/subject/l/public/s4034528.jpg,https://book.douban.com/subject/4038672/,2022-06-23 11:40:09
3398450552,索拉里斯星,[波] 斯坦尼斯瓦夫·莱姆 / 2021 / 译林出版社,https://img9.doubanio.com/view/subject/l/public/s33925108.jpg,https://book.douban.com/subject/35049755/,2022-06-23 11:39:00
3398449257,时间旅行者的妻子,[美] 奥德丽·尼芬格 / 2007 / 人民文学出版社,https://img9.doubanio.com/view/subject/l/public/s2375756.jpg,https://book.douban.com/subject/2056749/,2022-06-23 11:37:31
3398445928,蜀山的少年-III,夏生 / 2011 / 崇文书局,https://img9.doubanio.com/view/subject/l/public/s6965517.jpg,https://book.douban.com/subject/6873448/,2022-06-23 11:33:07
3398445814,蜀山的少年-II,夏生 / 2011 / 崇文书局,https://img9.doubanio.com/view/subject/l/public/s6833218.jpg,https://book.douban.com/subject/6726746/,2022-06-23 11:32:58
3398445710,蜀山的少年Ⅰ,夏生 / 2011 / 崇文书局,https://img9.doubanio.com/view/subject/l/public/s4523664.jpg,https://book.douban.com/subject/5348172/,2022-06-23 11:32:47
3398445385,十三行小字中央,江弱水 / 2020 / 浙江大学出版社,https://img9.doubanio.com/view/subject/l/public/s33701161.jpg,https://book.douban.com/subject/34970091/,2022-06-23 11:32:21
3398445203,诗的八堂课,江弱水 / 2017 / 商务印书馆,https://img9.doubanio.com/view/subject/l/public/s29350555.jpg,https://book.douban.com/subject/26893046/,2022-06-23 11:32:07
2748046173,苏轼十讲,朱刚 / 2019 / 上海三联书店,https://img9.doubanio.com/view/subject/l/public/s32324813.jpg,https://book.douban.com/subject/33411346/,2022-06-23 11:31:33
3398444685,樱花创造的日本,[日]佐藤俊树 / 2021 / 社会科学文献出版社,https://img9.doubanio.com/view/subject/l/public/s33918302.jpg,https://book.douban.com/subject/35397743/,2022-06-23 11:31:26
3398444327,天龙八部,金庸 / 1994 / 生活·读书·新知三联书店,https://img9.doubanio.com/view/subject/l/public/s26018275.jpg,https://book.douban.com/subject/1255625/,2022-06-23 11:30:56
3398443797,神雕侠侣,金庸 / 1994 / 生活·读书·新知三联书店,https://img9.doubanio.com/view/subject/l/public/s26018916.jpg,https://book.douban.com/subject/1255624/,2022-06-23 11:30:12
3398443378,射雕英雄传,金庸 / 1994 / 生活·读书·新知三联书店,https://img9.doubanio.com/view/subject/l/public/s28267663.jpg,https://book.douban.com/subject/1789837/,2022-06-23 11:29:39
3398442805,卡片笔记写作法,[德] 申克·阿伦斯 / 2021 / 人民邮电出版社,https://img9.doubanio.com/view/subject/l/public/s33927783.jpg,https://book.douban.com/subject/35503571/,2022-06-23 11:28:54
3398442294,岩田先生,[日] HOBO日刊ITOI新闻(编) / 2021 / 译林出版社,https://img9.doubanio.com/view/subject/l/public/s33931158.jpg,https://book.douban.com/subject/35506252/,2022-06-23 11:28:11
3398442097,天下刀宗：乘锋,雨楼清歌 / 2021 / 天地出版社,https://img9.doubanio.com/view/subject/l/public/s34026768.jpg,https://book.douban.com/subject/35546172/,2022-06-23 11:27:55
3398441992,天下刀宗：云旗,雨楼清歌 / 2021 / 天地出版社,https://img9.doubanio.com/view/subject/l/public/s34026180.jpg,https://book.douban.com/subject/35546173/,2022-06-23 11:27:46
3398441853,天下刀宗：重刃,雨楼清歌 / 2021 / 天地出版社,https://img9.doubanio.com/view/subject/l/public/s34026179.jpg,https://book.douban.com/subject/35546174/,2022-06-23 11:27:35
3397840816,长日将尽（双语版）,[英]石黑一雄 / 2019 / 上海译文出版社,https://img9.doubanio.com/view/subject/l/public/s32278329.jpg,https://book.douban.com/subject/30480994/,2022-06-22 20:04:20
3397463285,莫失莫忘（双语版）,[英] 石黑一雄 / 2019 / 上海译文出版社,https://img9.doubanio.com/view/subject/l/public/s32277144.jpg,https://book.douban.com/subject/30480995/,2022-06-22 12:31:57
3397462978,我们为什么要睡觉？,[英] 马修·沃克 / 2021 / 北京联合出版公司,https://img9.doubanio.com/view/subject/l/public/s33821128.jpg,https://book.douban.com/subject/35332778/,2022-06-22 12:31:35
3397462823,老残游记,（清）刘鹗 / 2013 / 中华书局,https://img9.doubanio.com/view/subject/l/public/s27188312.jpg,https://book.douban.com/subject/25798762/,2022-06-22 12:31:23
3397459570,亲爱的图书馆,[美]苏珊·奥尔琳 / 2021 / 文汇出版社,https://img9.doubanio.com/view/subject/l/public/s33880324.jpg,https://book.douban.com/subject/35405710/,2022-06-22 12:27:27
3397458802,晚饭花集,汪曾祺 / 2016 / 河南文艺出版社,https://img9.doubanio.com/view/subject/l/public/s28355294.jpg,https://book.douban.com/subject/26679171/,2022-06-22 12:26:34
3397458558,N·P,[日]吉本芭娜娜 / 2019 / 上海译文出版社,https://img9.doubanio.com/view/subject/l/public/s29952704.jpg,https://book.douban.com/subject/30217945/,2022-06-22 12:26:17
3397458382,白河夜船,[日] 吉本芭娜娜 / 2019 / 上海译文出版社,https://img9.doubanio.com/view/subject/l/public/s29952699.jpg,https://book.douban.com/subject/30217957/,2022-06-22 12:26:04
3397458201,情人,[法] 玛格丽特·杜拉斯 / 2019 / 上海译文出版社,https://img9.doubanio.com/view/subject/l/public/s32317993.jpg,https://book.douban.com/subject/30272310/,2022-06-22 12:25:51
3397455807,曼斯菲尔德庄园,(英) 奥斯丁 / 2010 / 上海译文出版社,https://img9.doubanio.com/view/subject/l/public/s4428779.jpg,https://book.douban.com/subject/4850846/,2022-06-22 12:23:04
3397455382,鸫,[日]吉本芭娜娜 / 2019 / 上海译文出版社,https://img9.doubanio.com/view/subject/l/public/s29950084.jpg,https://book.douban.com/subject/30217947/,2022-06-22 12:22:36
3397455212,哀愁的预感,[日] 吉本芭娜娜 / 2019 / 上海译文出版社,https://img9.doubanio.com/view/subject/l/public/s29952684.jpg,https://book.douban.com/subject/30217953/,2022-06-22 12:22:26
3397454508,书店四季,[英] 肖恩·白塞尔 / 2021 / 北京日报出版社,https://img9.doubanio.com/view/subject/l/public/s33931196.jpg,https://book.douban.com/subject/35503686/,2022-06-22 12:21:41
3397453435,墓志铭图书馆,[英]萨缪尔·法努斯 / 2019 / 上海文艺出版社,https://img9.doubanio.com/view/subject/l/public/s33462291.jpg,https://book.douban.com/subject/34461222/,2022-06-22 12:20:19
3397453289,加害人家属,[日] 铃木伸元 / 2022 / 春潮 | 中信出版集团,https://img9.doubanio.com/view/subject/l/public/s34066549.jpg,https://book.douban.com/subject/35649980/,2022-06-22 12:20:08
3397452870,女孩们的地下战争,[美] 蕾切尔·西蒙斯 / 2022 / 理想国｜海南出版社,https://img9.doubanio.com/view/subject/l/public/s34049264.jpg,https://book.douban.com/subject/35672427/,2022-06-22 12:19:37
3397451859,东京贵族女子,[日]山内麻里子 / 2020 / 上海人民出版社,https://img9.doubanio.com/view/subject/l/public/s33652668.jpg,https://book.douban.com/subject/34991877/,2022-06-22 12:18:20
3397451638,细雪,[日] 谷崎润一郎 / 2017 / 译林出版社,https://img9.doubanio.com/view/subject/l/public/s29474517.jpg,https://book.douban.com/subject/27068645/,2022-06-22 12:18:04
3397451382,青蛇,李碧华 / 2021 / 新星出版社,https://img9.doubanio.com/view/subject/l/public/s27115718.jpg,https://book.douban.com/subject/25716761/,2022-06-22 12:17:45
3397450762,月满千江,狐周周 / 2021 / 四川美术出版社,https://img9.doubanio.com/view/subject/l/public/s34038388.jpg,https://book.douban.com/subject/35631992/,2022-06-22 12:16:55
3397450598,小小陌生人,[英] 萨拉·沃特斯 / 2018 / 上海人民出版社,https://img9.doubanio.com/view/subject/l/public/s29724680.jpg,https://book.douban.com/subject/27600483/,2022-06-22 12:16:43
3397450335,晚清官场镜像,邱捷 / 2021 / 社会科学文献出版社,https://img9.doubanio.com/view/subject/l/public/s33914052.jpg,https://book.douban.com/subject/35471449/,2022-06-22 12:16:23
3397450138,克莱因壶,[日]冈岛二人 / 2019 / 化学工业出版社,https://img9.doubanio.com/view/subject/l/public/s33317677.jpg,https://book.douban.com/subject/33658616/,2022-06-22 12:16:07
3397449337,羽·黯月之翼,沧月 / 2011 / 时代文艺出版社,https://img9.doubanio.com/view/subject/l/public/s6871373.jpg,https://book.douban.com/subject/6440764/,2022-06-22 12:15:04
3397449246,羽·赤炎之曈,沧月 / 2010 / 文化艺术出版社,https://img9.doubanio.com/view/subject/l/public/s4472905.jpg,https://book.douban.com/subject/4847836/,2022-06-22 12:14:54
3397449092,羽·苍穹之烬,沧月 / 2013 / 时代文艺出版社,https://img9.doubanio.com/view/subject/l/public/s27059384.jpg,https://book.douban.com/subject/25725506/,2022-06-22 12:14:43
3397449009,羽·青空之蓝,沧月 / 2009.12 / 文化艺术出版社,https://img9.doubanio.com/view/subject/l/public/s4115942.jpg,https://book.douban.com/subject/4199686/,2022-06-22 12:14:36
3397447985,镜（全6册）,沧月 / 2016 / 北京联合出版公司,https://img9.doubanio.com/view/subject/l/public/s28719862.jpg,https://book.douban.com/subject/26792696/,2022-01-15 12:13:16
3397410379,周四推理俱乐部,[英] 理查德·奥斯曼 / 2022 / 接力出版社,https://img9.doubanio.com/view/subject/l/public/s34131132.jpg,https://book.douban.com/subject/35762678/,2022-06-22 11:27:52
3397408853,兴于微言,叶嘉莹 / 2021 / 四川人民出版社,https://img9.doubanio.com/view/subject/l/public/s34059013.jpg,https://book.douban.com/subject/35578743/,2022-06-22 11:26:06
3150069050,关于那个人的备忘录,[日]小林泰三 / 2021 / 新星出版社,https://img9.doubanio.com/view/subject/l/public/s33845380.jpg,https://book.douban.com/subject/35309262/,2021-12-16 10:11:00
3094936116,浮世画家,[英] 石黑一雄 / 2011 / 上海译文出版社,https://img9.doubanio.com/view/subject/l/public/s29858413.jpg,https://book.douban.com/subject/6060455/,2021-11-02 19:58:28
3076511388,二代目归来,[日] 森见登美彦 / 2017 / 上海人民出版社,https://img9.doubanio.com/view/subject/l/public/s29640470.jpg,https://book.douban.com/subject/27017782/,2021-10-17 12:42:22
3075864260,有顶天家族,[日] 森见登美彦 / 2017 / 上海人民出版社,https://img9.doubanio.com/view/subject/l/public/s29444737.jpg,https://book.douban.com/subject/26998361/,2021-10-16 21:49:19
3066225503,小团圆,张爱玲 / 2019 / 北京十月文艺出版社,https://img9.doubanio.com/view/subject/l/public/s30007391.jpg,https://book.douban.com/subject/30294360/,2021-10-08 14:57:27
2995308152,克拉拉与太阳,[英] 石黑一雄 / 2021 / 上海译文出版社,https://img9.doubanio.com/view/subject/l/public/s33821754.jpg,https://book.douban.com/subject/35315153/,2021-08-13 08:57:15
2923035320,戴老师魔性诗词课,戴建业 / 2020 / 北京联合出版公司,https://img9.doubanio.com/view/subject/l/public/s33620193.jpg,https://book.douban.com/subject/34996974/,2021-06-21 10:15:24
2888716531,森林、冰河与鲸,[日]星野道夫（Michio Hoshino） / 2020 / 广西师范大学出版社,https://img9.doubanio.com/view/subject/l/public/s33809923.jpg,https://book.douban.com/subject/35331766/,2021-05-23 23:40:22
2872836817,多情剑客无情剑(上、中、下),古龙 / 1991 / 海天出版社,https://img9.doubanio.com/view/subject/l/public/s1641357.jpg,https://book.douban.com/subject/1422833/,2021-05-11 00:58:00
2789918403,美的焦虑,[美] 艾朗诺 / 2013 / 上海古籍出版社,https://img9.doubanio.com/view/subject/l/public/s33641149.jpg,https://book.douban.com/subject/24152639/,2021-03-15 13:37:42
2789600445,黄衣王,罗伯特·W·钱伯斯 / 2014 / 中国长安出版社,https://img9.doubanio.com/view/subject/l/public/s27265874.jpg,https://book.douban.com/subject/25872258/,2021-03-15 08:29:08
2774327209,首无·作祟之物,[日]三津田信三 / 2011 / 吉林出版集团,https://img9.doubanio.com/view/subject/l/public/s5957771.jpg,https://book.douban.com/subject/6249670/,2021-03-03 19:50:02
1482426032,才女之累,[美] 艾朗诺 / 2017 / 上海古籍出版社,https://img9.doubanio.com/view/subject/l/public/s29476751.jpg,https://book.douban.com/subject/27011516/,2021-02-23 12:05:08
2754831246,故事新编,鲁迅 / 2015 / 天津人民出版社,https://img9.doubanio.com/view/subject/l/public/s27967429.jpg,https://book.douban.com/subject/26285194/,2021-02-19 16:03:22
2752103064,飘（上下）,[美国] 玛格丽特·米切尔 / 2010 / 译林出版社,https://img9.doubanio.com/view/subject/l/public/s29479921.jpg,https://book.douban.com/subject/4893870/,2021-02-18 17:46:07
2603252322,阅读浪漫小说,[美国]珍妮斯•A. 拉德威 / 2020 / 译林出版社,https://img9.doubanio.com/view/subject/l/public/s33687599.jpg,https://book.douban.com/subject/35032242/,2021-02-13 12:28:38
2730321309,春雪,[日] 三岛由纪夫 / 2020 / 天津人民出版社,https://img9.doubanio.com/view/subject/l/public/s33790521.jpg,https://book.douban.com/subject/35290865/,2021-02-08 23:13:22
2719709422,慎余堂,李静睿 / 2021 / 广西师范大学出版社,https://img9.doubanio.com/view/subject/l/public/s33770734.jpg,https://book.douban.com/subject/35236989/,2021-02-01 19:48:47
2710074696,荣国府的经济账,陈大康 / 2019 / 人民文学出版社,https://img9.doubanio.com/view/subject/l/public/s33594361.jpg,https://book.douban.com/subject/34454497/,2021-01-26 15:28:06
2706952550,来自新世界 （上下）,[日] 贵志祐介 / 2014 / 上海译文出版社,https://img9.doubanio.com/view/subject/l/public/s27251177.jpg,https://book.douban.com/subject/25752955/,2021-01-24 17:18:06
2692800115,台北人,白先勇 / 2010 / 广西师范大学出版社,https://img9.doubanio.com/view/subject/l/public/s4526465.jpg,https://book.douban.com/subject/5337248/,2021-01-15 12:52:01
2691554377,纽约客,白先勇 / 2010 / 广西师范大学出版社,https://img9.doubanio.com/view/subject/l/public/s4526473.jpg,https://book.douban.com/subject/5337243/,2021-01-14 15:35:08
2688510155,古诗十九首讲录,刘炜 / 2016 / 中国社会科学出版社,https://img9.doubanio.com/view/subject/l/public/s33447469.jpg,https://book.douban.com/subject/26879079/,2021-01-12 14:04:02
2686166817,局部：陌生的经验,陈丹青 / 2020 / 北京日报出版社,https://img9.doubanio.com/view/subject/l/public/s33766848.jpg,https://book.douban.com/subject/35216532/,2021-01-10 22:04:11
2450046737,猎魔人3：精灵之血,[波兰] 安德烈·斯帕克沃斯基 / 2016 / 重庆出版社,https://img9.doubanio.com/view/subject/l/public/s28502600.jpg,https://book.douban.com/subject/26435000/,2020-07-11 21:32:43
2444697886,绝对不在场证明,[日] 大山诚一郎 / 2020 / 上海文艺出版社,https://img9.doubanio.com/view/subject/l/public/s33622734.jpg,https://book.douban.com/subject/34998167/,2020-07-06 22:54:58
2442920753,所罗门的伪证,宫部美雪 / 2014 / 江苏凤凰文艺出版社,https://img9.doubanio.com/view/subject/l/public/s27524396.jpg,https://book.douban.com/subject/25954353/,2020-07-05 13:15:30
2436548654,猎魔人2：宿命之剑,[波兰] 安德烈·斯帕克沃斯基 / 2015 / 重庆出版社,https://img9.doubanio.com/view/subject/l/public/s28075422.jpg,https://book.douban.com/subject/26390937/,2020-06-29 20:40:57
2429698948,四签名,柯南道尔 / 2012 / 上海社会科学院出版社,https://img9.doubanio.com/view/subject/l/public/s24608951.jpg,https://book.douban.com/subject/20393291/,2020-06-24 11:31:01
2429682068,血字的研究,柯南道尔 / 2012 / 上海社会科学院出版社,https://img9.doubanio.com/view/subject/l/public/s25139273.jpg,https://book.douban.com/subject/6308163/,2020-06-24 11:12:29
2420304990,上帝的图书馆,[美] 司各特·霍金斯 / 2016 / 天地出版社,https://img9.doubanio.com/view/subject/l/public/s28828126.jpg,https://book.douban.com/subject/26656291/,2020-06-15 19:45:25
2416683206,身体从未忘记,Bessel van der Kolk M.D. (范德考克) / 2016 / 机械工业出版社,https://img9.doubanio.com/view/subject/l/public/s28731910.jpg,https://book.douban.com/subject/26796536/,2020-06-12 11:42:04
2408161586,城中城,[美]素德·文卡特斯 / 2016 / 上海人民出版社,https://img9.doubanio.com/view/subject/l/public/s28368757.jpg,https://book.douban.com/subject/26606365/,2020-06-04 15:07:41
2401327436,人生删除事务所,[日] 本多孝好 / 2020 / 四川文艺出版社,https://img9.doubanio.com/view/subject/l/public/s33594233.jpg,https://book.douban.com/subject/34799802/,2020-05-29 11:43:42
2395223647,诡秘之主,爱潜水的乌贼 / 江苏凤凰文艺出版社,https://img9.doubanio.com/view/subject/l/public/s33619186.jpg,https://book.douban.com/subject/33424453/,2020-05-24 02:25:06
2387715048,女巫一定得死,(美)谢尔登·卡什丹 / 2014 / 机械工业出版社,https://img9.doubanio.com/view/subject/l/public/s27331581.jpg,https://book.douban.com/subject/25917623/,2020-05-17 18:06:55
2003650011,书店日记,[英] 肖恩·白塞尔 / 2019 / 广西师范大学出版社,https://img9.doubanio.com/view/subject/l/public/s33441355.jpg,https://book.douban.com/subject/33459737/,2020-05-09 10:48:38
2368674432,怀抱花月的水妖,[日] 野村美月 文 竹冈美穗 图 / 2011 / 人民文学出版社,https://img9.doubanio.com/view/subject/l/public/s6296816.jpg,https://book.douban.com/subject/5921001/,2020-05-02 20:46:15
2361209308,汤岛之恋,[日] 泉镜花 / 2011 / 吉林出版集团,https://img9.doubanio.com/view/subject/l/public/s4682867.jpg,https://book.douban.com/subject/5423546/,2020-04-27 10:18:41
2359682346,夜叉ヶ池・天守物語,泉 鏡花 / 1984 / 岩波書店,https://img9.doubanio.com/view/subject/l/public/s4537400.jpg,https://book.douban.com/subject/5363320/,2020-04-26 10:14:31
2355876555,护士的故事,[英] 克里斯蒂·沃森 / 2020 / 浦睿文化·湖南人民出版社,https://img9.doubanio.com/view/subject/l/public/s33576240.jpg,https://book.douban.com/subject/34922193/,2020-04-23 17:26:29
2346432791,背離親緣（上）,安德魯．所羅門 Andrew Solomon / 2015 / 大家,https://img9.doubanio.com/view/subject/l/public/s28282303.jpg,https://book.douban.com/subject/26598453/,2020-04-17 14:49:46
2341627580,第十二个天体,[美]撒迦利亚· 西琴 / 2009 / 重庆出版社,https://img9.doubanio.com/view/subject/l/public/s4033197.jpg,https://book.douban.com/subject/3875749/,2020-04-14 12:06:15
1974690635,伦敦人,[加]克莱格·泰勒 / 2019 / 湖南文艺出版社,https://img9.doubanio.com/view/subject/l/public/s33496317.jpg,https://book.douban.com/subject/34786067/,2020-04-10 13:06:18
2328614191,天下刀宗,雨楼清歌 / 2020 / 天地出版社,https://img9.doubanio.com/view/subject/l/public/s33533793.jpg,https://book.douban.com/subject/34910865/,2020-04-06 13:34:20
2279407440,“破碎的星球”三部曲,[美]N.K.杰米辛 / 2018 / 天地出版社,https://img9.doubanio.com/view/subject/l/public/s29710600.jpg,https://book.douban.com/subject/27605897/,2020-03-11 18:29:43
2157130657,哈利.波特-(珍藏版)(全七册),J.K.罗琳 / 2008 / 人民文学出版社,https://img9.doubanio.com/view/subject/l/public/s3600836.jpg,https://book.douban.com/subject/3393172/,2020-01-29 05:30:52
2124420466,黑暗物质三部曲,[英]菲利普•普尔曼(Philip Pullman) / 2020,https://img9.doubanio.com/view/subject/l/public/s33542723.jpg,https://book.douban.com/subject/34923030/,2020-01-07 12:38:38
2101481574,倚天屠龙记,金庸 / 1999 / 生活·读书·新知三联书店,https://img9.doubanio.com/view/subject/l/public/s34097535.jpg,https://book.douban.com/subject/1070851/,2019-12-25 18:06:01
2050740715,武士的女儿,(美)贾尼斯·宝莫伦斯·二村 / 2018 / 中信出版社,https://img9.doubanio.com/view/subject/l/public/s29941959.jpg,https://book.douban.com/subject/30365932/,2019-11-22 00:40:09
2015092418,闲话闲说,阿城 / 2019 / 上海三联书店,https://img9.doubanio.com/view/subject/l/public/s32281342.jpg,https://book.douban.com/subject/30314042/,2019-10-26 16:44:48
1993732148,蝴蝶梦,[英] 达夫妮·杜穆里埃 / 2006 / 上海译文出版社,https://img9.doubanio.com/view/subject/l/public/s1790267.jpg,https://book.douban.com/subject/1858583/,2019-10-10 23:43:38
1961203224,有匪,Priest / 2017 / 湖南文艺出版社,https://img9.doubanio.com/view/subject/l/public/s29609111.jpg,https://book.douban.com/subject/27198567/,2019-09-20 01:00:26
1914999279,这世界唯一的你：自闭症人士独特行为背后的真相,[美] 巴瑞·普瑞桑（Barry M. Prizant） 汤姆·菲尔兹-迈耶（Tom Fields-Meyer） / 2016 / 机械工业出版社,https://img9.doubanio.com/view/subject/l/public/s28524412.jpg,https://book.douban.com/subject/26747816/,2019-08-18 21:54:52
1894898698,红玫瑰与白玫瑰,张爱玲 / 2012 / 北京十月文艺出版社,https://img9.doubanio.com/view/subject/l/public/s10199551.jpg,https://book.douban.com/subject/10757939/,2019-08-07 12:41:12
1890039121,棋王,阿城 / 2019 / 上海三联书店,https://img9.doubanio.com/view/subject/l/public/s32281341.jpg,https://book.douban.com/subject/30330181/,2019-08-04 02:35:10
1889875232,地光,[英] 阿瑟·克拉克 / 2018 / 江苏凤凰文艺出版社,https://img9.doubanio.com/view/subject/l/public/s29839803.jpg,https://book.douban.com/subject/30222420/,2019-08-04 00:14:53
1857858906,遥远的地球之歌,[英] 阿瑟·克拉克 / 2018 / 江苏凤凰文艺出版社,https://img9.doubanio.com/view/subject/l/public/s29839804.jpg,https://book.douban.com/subject/30222424/,2019-07-13 08:27:43
1850273970,最后一个地球人,[英] 阿瑟·克拉克 / 2012 / 江苏文艺出版社,https://img9.doubanio.com/view/subject/l/public/s11364443.jpg,https://book.douban.com/subject/10591694/,2019-07-07 13:12:56
1836703935,与罗摩相会,[英] 阿瑟·克拉克 / 2018 / 江苏凤凰文艺出版社,https://img9.doubanio.com/view/subject/l/public/s29773195.jpg,https://book.douban.com/subject/30161861/,2019-06-27 20:09:08
1836698978,佳期如梦,匪我思存 / 2007 / 新世界出版社,https://img9.doubanio.com/view/subject/l/public/s1991548.jpg,https://book.douban.com/subject/1962929/,2019-06-27 03:09:09
1833319216,鼓起勇气，开始整理,【日】佐原美和 / 2017 / 江苏凤凰文艺出版社,https://img9.doubanio.com/view/subject/l/public/s29355014.jpg,https://book.douban.com/subject/26978448/,2019-06-24 01:08:13
1833104991,倾城之恋,张爱玲 / 2012 / 北京十月文艺出版社,https://img9.doubanio.com/view/subject/l/public/s10205753.jpg,https://book.douban.com/subject/10757940/,2019-06-23 22:37:22
1818914395,再见，黑鸟,[日]伊坂幸太郎 / 2019 / 上海文化出版社,https://img9.doubanio.com/view/subject/l/public/s32276742.jpg,https://book.douban.com/subject/30475755/,2019-06-11 18:59:27
1809870318,睡美人,[日] 川端康成 / 2014 / 南海出版公司,https://img9.doubanio.com/view/subject/l/public/s33716312.jpg,https://book.douban.com/subject/25772862/,2019-06-04 00:07:58
1808920366,九州·飘零书·商博良,江南 / 2018 / 人民文学出版社,https://img9.doubanio.com/view/subject/l/public/s29899285.jpg,https://book.douban.com/subject/30334816/,2019-06-03 01:35:58
1808445911,九州·缥缈录,江南 / 2005 / 新世界出版社,https://img9.doubanio.com/view/subject/l/public/s1520169.jpg,https://book.douban.com/subject/1321017/,2019-06-02 19:24:36
1799131936,印象笔记留给你的空间,李参 / 2016 / 电子工业出版社,https://img9.doubanio.com/view/subject/l/public/s28779913.jpg,https://book.douban.com/subject/26809387/,2019-05-25 23:43:22
1795526648,闪闪发光的人生,[日]小川糸 / 2019 / 湖南文艺出版社,https://img9.doubanio.com/view/subject/l/public/s29967212.jpg,https://book.douban.com/subject/30255971/,2019-05-22 18:54:46
1792461306,寄居者,严歌苓 / 2009 / 新星出版社,https://img9.doubanio.com/view/subject/l/public/s5994573.jpg,https://book.douban.com/subject/3546250/,2019-05-20 02:12:51
1787989483,阿咪,丰子恺 / 2015 / 新星出版社,https://img9.doubanio.com/view/subject/l/public/s27971566.jpg,https://book.douban.com/subject/26258748/,2019-05-16 12:41:57
1782269459,忘川 下,沧月 / 2014 / 北京联合出版公司,https://img9.doubanio.com/view/subject/l/public/s27622162.jpg,https://book.douban.com/subject/26133411/,2019-05-11 02:04:57
1770004242,房思琪的初戀樂園,林奕含 / 2017 / 游擊文化,https://img9.doubanio.com/view/subject/l/public/s29451142.jpg,https://book.douban.com/subject/26963900/,2019-04-29 21:37:37
1729677054,妻妾成群,苏童 / 2004 / 上海文艺出版社,https://img9.doubanio.com/view/subject/l/public/s6478105.jpg,https://book.douban.com/subject/1025753/,2019-03-26 10:23:05
1728544052,我是个妈妈，我需要铂金包,[美] 薇妮斯蒂·马丁 / 2018 / 中信出版社,https://img9.doubanio.com/view/subject/l/public/s30005266.jpg,https://book.douban.com/subject/26320194/,2019-03-25 08:51:07
1721727880,舞阳录,步非烟 / 2014 / 清华大学出版社,https://img9.doubanio.com/view/subject/l/public/s27320190.jpg,https://book.douban.com/subject/25923643/,2019-03-19 12:24:05
1720246435,华音流韶·梵花坠影,步非烟 / 2010 / 万卷出版公司,https://img9.doubanio.com/view/subject/l/public/s4408641.jpg,https://book.douban.com/subject/4900280/,2019-03-18 00:48:58
1713770771,香初上舞,藤萍 / 2005 / 广西人民出版社,https://img9.doubanio.com/view/subject/l/public/s1234132.jpg,https://book.douban.com/subject/1261471/,2019-03-12 19:04:56
1711458520,吉祥纹莲花楼（完美典藏版）,藤萍 / 2014 / 江苏文艺出版社,https://img9.doubanio.com/view/subject/l/public/s27238030.jpg,https://book.douban.com/subject/25846270/,2019-03-10 21:32:24
1702577239,醉步男,[日]小林泰三 / 2019 / 北京时代华文书局,https://img9.doubanio.com/view/subject/l/public/s33499480.jpg,https://book.douban.com/subject/30359030/,2019-03-04 00:01:04
1698078131,解体诸因,[日] 西泽保彦 / 2017 / 新星出版社,https://img9.doubanio.com/view/subject/l/public/s29502450.jpg,https://book.douban.com/subject/27078155/,2019-03-01 10:52:32
1692102394,上海堡垒,江南 / 2016 / 长江出版社,https://img9.doubanio.com/view/subject/l/public/s29140325.jpg,https://book.douban.com/subject/26910174/,2019-02-25 00:25:16
1678712200,球状闪电,刘慈欣 / 2005 / 四川科学技术出版社,https://img9.doubanio.com/view/subject/l/public/s26040205.jpg,https://book.douban.com/subject/1192090/,2019-02-16 19:44:11
1677122306,心,[日]夏目漱石 / 2013 / 陕西师范大学出版社,https://img9.doubanio.com/view/subject/l/public/s29432467.jpg,https://book.douban.com/subject/25720322/,2019-02-15 21:14:51
1658181253,2001：太空漫游,[英]阿瑟·克拉克（Arthur C. Clarke） / 2014 / 上海人民出版社,https://img9.doubanio.com/view/subject/l/public/s27306298.jpg,https://book.douban.com/subject/7007241/,2019-02-06 17:51:07
1649477894,50：伟大的短篇小说们,欧·亨利 契诃夫 都德 蒲宁 舒尔茨 波德莱尔 莫泊桑 马克·吐温 泰戈尔 海明威 福克纳 普希金 托尔斯泰 陀思妥耶夫斯基 爱伦·坡 伍尔夫 霍桑 毛姆 卡夫卡 茨威格 狄更斯 芥川龙之介 菲茨杰拉德 洛夫克拉夫特 / 2017 / 天津人民出版社,https://img9.doubanio.com/view/subject/l/public/s29644770.jpg,https://book.douban.com/subject/27601742/,2019-02-04 18:33:24
1654939509,窗边的小豆豆,[日] 黑柳彻子 著 岩崎千弘 图 / 2003 / 南海出版公司,https://img9.doubanio.com/view/subject/l/public/s1067911.jpg,https://book.douban.com/subject/1007914/,2019-02-04 11:18:01
1652496880,叶甫盖尼·奥涅金,[俄] 普希金 / 1985 / 人民文学出版社,https://img9.doubanio.com/view/subject/l/public/s1549143.jpg,https://book.douban.com/subject/1023467/,2019-02-02 13:47:07
1650990779,狐狸的窗户,(日)安房直子 文 (日)织茂恭子 绘 / 2009 / 二十一世纪出版社,https://img9.doubanio.com/view/subject/l/public/s4118483.jpg,https://book.douban.com/subject/4049269/,2019-02-01 08:49:02
1560539278,中世纪人,(英)艾琳·鲍尔 / 2018 / 北京时代华文书局,https://img9.doubanio.com/view/subject/l/public/s29920655.jpg,https://book.douban.com/subject/30337700/,2019-01-27 16:57:57
1297183341,小夜曲,[英] 石黑一雄 / 2011 / 上海译文出版社,https://img9.doubanio.com/view/subject/l/public/s29857829.jpg,https://book.douban.com/subject/5395157/,2019-01-25 07:41:22
1636868816,怪谈·奇谭,[日]小泉八云 / 2014 / 上海译文出版社,https://img9.doubanio.com/view/subject/l/public/s27466467.jpg,https://book.douban.com/subject/25887972/,2019-01-21 15:47:48
1636704651,查令十字街84号,[美] 海莲·汉芙 / 2005 / 译林出版社,https://img9.doubanio.com/view/subject/l/public/s1326174.jpg,https://book.douban.com/subject/1316648/,2019-01-21 13:18:47
1636317213,显微镜下的大明,马伯庸 / 2019 / 湖南文艺出版社,https://img9.doubanio.com/view/subject/l/public/s29960161.jpg,https://book.douban.com/subject/30414743/,2019-01-21 10:05:59
1634784548,流浪地球,刘慈欣 / 2008 / 长江文艺出版社,https://img9.doubanio.com/view/subject/l/public/s5961934.jpg,https://book.douban.com/subject/3266609/,2019-01-20 00:39:05
1634315692,礼物的流动,阎云翔 / 2017 / 上海人民出版社,https://img9.doubanio.com/view/subject/l/public/s29360916.jpg,https://book.douban.com/subject/26951502/,2019-01-19 20:02:33
1628895997,我的天才女友,[意] 埃莱娜·费兰特 / 2017 / 人民文学出版社,https://img9.doubanio.com/view/subject/l/public/s29164777.jpg,https://book.douban.com/subject/26878124/,2019-01-15 15:56:36
1625864549,爱玛,[英] 简·奥斯丁 / 2001 / 译林出版社,https://img9.doubanio.com/view/subject/l/public/s10264692.jpg,https://book.douban.com/subject/1093098/,2019-01-13 14:10:21
1621136835,小偷家族,[日] 是枝裕和 / 2019 / 北京联合出版公司,https://img9.doubanio.com/view/subject/l/public/s29952694.jpg,https://book.douban.com/subject/30374817/,2019-01-10 10:45:10
1581303385,全能侦探社,[英] 道格拉斯·亚当斯 / 2019 / 湖南文艺出版社,https://img9.doubanio.com/view/subject/l/public/s29920407.jpg,https://book.douban.com/subject/30325325/,2019-01-09 23:08:30
1608730200,明治,[日]茂吕美耶 / 2018 / 四川文艺出版社,https://img9.doubanio.com/view/subject/l/public/s29721208.jpg,https://book.douban.com/subject/27597984/,2019-01-04 08:49:03
1608395732,地海传奇2：地海古墓,(美)厄休拉·勒古恩 / 2013 / 江苏文艺出版社,https://img9.doubanio.com/view/subject/l/public/s27062245.jpg,https://book.douban.com/subject/24882313/,2019-01-03 00:23:57
1605764251,地海传奇：地海巫师,(美)厄休拉·勒古恩 / 2013 / 江苏文艺出版社,https://img9.doubanio.com/view/subject/l/public/s27062236.jpg,https://book.douban.com/subject/24882304/,2019-01-02 13:11:16
1605235077,神们自己,[美] 艾萨克·阿西莫夫 / 2014 / 江苏凤凰文艺出版社,https://img9.doubanio.com/view/subject/l/public/s27882508.jpg,https://book.douban.com/subject/26264967/,2019-01-01 16:27:42
1601271083,长恨歌,王安忆 / 2003 / 南海出版公司,https://img9.doubanio.com/view/subject/l/public/s3018752.jpg,https://book.douban.com/subject/1082349/,2018-12-30 22:08:56
1598135787,山月记,[日]中岛敦 / 2013 / 中华书局,https://img9.doubanio.com/view/subject/l/public/s26805766.jpg,https://book.douban.com/subject/20473505/,2018-12-29 12:43:21
1598046807,大师的盛宴,奥森·斯科特·卡德 编 / 2012 / 新星出版社,https://img9.doubanio.com/view/subject/l/public/s11373413.jpg,https://book.douban.com/subject/11511232/,2018-12-28 23:09:41
1594219718,小城之恋,王安忆 / 2004 / 中国电影出版社,https://img9.doubanio.com/view/subject/l/public/s1730196.jpg,https://book.douban.com/subject/1080828/,2018-12-27 15:39:43
1593316037,插图本日本文学史,刘利国 何志勇 / 2008 / 北京大学出版社,https://img9.doubanio.com/view/subject/l/public/s5951905.jpg,https://book.douban.com/subject/3261289/,2018-12-26 23:33:38
1592322672,12堂文学阅读课,王蒙 王安忆 / 2017 / 上海交通大学出版社,https://img9.doubanio.com/view/subject/l/public/s29707986.jpg,https://book.douban.com/subject/27028006/,2018-12-26 12:40:42
1589082688,天真的人类学家,[英国] 奈吉尔·巴利 / 2011 / 广西师范大学出版社,https://img9.doubanio.com/view/subject/l/public/s6643217.jpg,https://book.douban.com/subject/6712255/,2018-12-24 11:34:20
1588696706,一只名叫鲍勃的流浪猫,(英)詹姆斯·鲍文 / 2013 / 中华工商联合出版社,https://img9.doubanio.com/view/subject/l/public/s27110823.jpg,https://book.douban.com/subject/25756216/,2018-12-24 02:03:24
1582040906,如果在冬夜，一个旅人,[意大利] 伊塔洛·卡尔维诺 / 2007 / 译林出版社,https://img9.doubanio.com/view/subject/l/public/s4696629.jpg,https://book.douban.com/subject/2136484/,2018-12-21 16:50:17
1581391522,这才是中国最好的语文书,叶开 / 2014 / 江苏文艺出版社,https://img9.doubanio.com/view/subject/l/public/s27222376.jpg,https://book.douban.com/subject/25830904/,2018-12-20 20:33:27
1578718592,考古的故事,[美] 埃里克·H.克莱因 / 2018 / 中信出版社,https://img9.doubanio.com/view/subject/l/public/s29927893.jpg,https://book.douban.com/subject/30279065/,2018-12-18 23:00:31
1574595584,猎魔人1：白狼崛起,[波兰] 安德烈·斯帕克沃斯基 / 2015 / 重庆出版社,https://img9.doubanio.com/view/subject/l/public/s27987690.jpg,https://book.douban.com/subject/26267087/,2018-12-16 16:01:17
1565933187,变化的位面,[美] 厄休拉·勒古恩 / 2018 / 四川文艺出版社,https://img9.doubanio.com/view/subject/l/public/s29881535.jpg,https://book.douban.com/subject/30324808/,2018-12-11 09:46:18
1563536240,千夫所指,乔恩·罗森 / 2016 / 九州出版社,https://img9.doubanio.com/view/subject/l/public/s29046092.jpg,https://book.douban.com/subject/26875262/,2018-12-09 22:17:45
1558513668,木匠手记,[美]尼娜·麦克劳林 / 2018 / 九州出版社,https://img9.doubanio.com/view/subject/l/public/s29788169.jpg,https://book.douban.com/subject/30243056/,2018-12-07 11:10:10
1549694237,笑傲江湖（全四册）,金庸 / 1994 / 生活·读书·新知三联书店,https://img9.doubanio.com/view/subject/l/public/s2157335.jpg,https://book.douban.com/subject/1002299/,2018-12-02 12:31:51
1539532872,苔丝,[英] 托马斯·哈代 / 2006 / 上海译文出版社,https://img9.doubanio.com/view/subject/l/public/s1989285.jpg,https://book.douban.com/subject/1885218/,2018-11-26 15:46:06
1515058363,小说课,毕飞宇 / 2017 / 人民文学出版社,https://img9.doubanio.com/view/subject/l/public/s29374400.jpg,https://book.douban.com/subject/26951584/,2018-11-08 16:27:48
1497710622,田园的忧郁,[日] 佐藤春夫 / 2018 / 陕西师范大学出版社,https://img9.doubanio.com/view/subject/l/public/s33786388.jpg,https://book.douban.com/subject/30257649/,2018-10-27 17:50:48
1499812057,房客,[英] 萨拉·沃特斯 / 2018 / 上海人民出版社,https://img9.doubanio.com/view/subject/l/public/s29807285.jpg,https://book.douban.com/subject/30218856/,2018-10-21 00:41:12
1495827657,平民之宴,[日] 林真理子 / 2017 / 东方出版社,https://img9.doubanio.com/view/subject/l/public/s29498698.jpg,https://book.douban.com/subject/27001121/,2018-10-16 15:16:47
1493067499,穿PRADA的女魔头Ⅱ：魔头归来,[美]劳伦·魏丝伯格 / 2015 / 中信出版社,https://img9.doubanio.com/view/subject/l/public/s28018716.jpg,https://book.douban.com/subject/26293213/,2018-10-13 19:26:18
1492831566,金阁寺,[日] 三岛由纪夫 / 2018 / 人民文学出版社,https://img9.doubanio.com/view/subject/l/public/s29918141.jpg,https://book.douban.com/subject/26877556/,2018-10-13 14:18:52
1491752066,穿PRADA的女魔头（纪念版）,[美] 劳伦·魏丝伯格 / 2015 / 中信出版社,https://img9.doubanio.com/view/subject/l/public/s28338603.jpg,https://book.douban.com/subject/26651865/,2018-10-12 02:38:23
1489993038,火星救援,[美] 安迪·威尔 / 2015 / 译林出版社,https://img9.doubanio.com/view/subject/l/public/s28284337.jpg,https://book.douban.com/subject/26586492/,2018-10-10 02:53:08
1487888431,人间便利店,[日] 村田沙耶香 / 2018 / 湖南文艺出版社·向上文学品牌,https://img9.doubanio.com/view/subject/l/public/s29725172.jpg,https://book.douban.com/subject/28171580/,2018-10-07 16:36:58
1486001837,拉格朗日墓场,王晋康 / 2002 / 花山文艺出版社,https://img9.doubanio.com/view/subject/l/public/s1081853.jpg,https://book.douban.com/subject/1096528/,2018-10-05 21:55:10
1483516591,编舟记,[日]三浦紫苑 / 2018 / 人民文学出版社,https://img9.doubanio.com/view/subject/l/public/s29807074.jpg,https://book.douban.com/subject/27663281/,2018-10-03 13:17:18
1483064683,纯真博物馆,[土耳其] 奥尔罕·帕慕克 / 2010 / 上海人民出版社,https://img9.doubanio.com/view/subject/l/public/s4112273.jpg,https://book.douban.com/subject/4154988/,2018-10-02 23:00:34
1475763215,杀夫,李昂 / 1987 / 云南人民出版社,https://img9.doubanio.com/view/subject/l/public/s2153626.jpg,https://book.douban.com/subject/1760488/,2018-09-24 12:50:05
1475426147,失乐园,[日]渡边淳一 / 2014 / 北京联合出版公司,https://img9.doubanio.com/view/subject/l/public/s27301157.jpg,https://book.douban.com/subject/25891771/,2018-09-23 23:57:50
1472743475,孤独深处,郝景芳 / 2016 / 江苏凤凰文艺出版社,https://img9.doubanio.com/view/subject/l/public/s28855051.jpg,https://book.douban.com/subject/26791407/,2018-09-20 21:35:04
1470269817,金翅雀,[美] 唐娜·塔特 Donna Tartt / 2016 / 人民文学出版社,https://img9.doubanio.com/view/subject/l/public/s28342521.jpg,https://book.douban.com/subject/26653000/,2018-09-17 17:41:02
1467095959,呼啸山庄,艾米荷·勃朗特 / 2007 / 上海文艺出版社,https://img9.doubanio.com/view/subject/l/public/s5763928.jpg,https://book.douban.com/subject/2253389/,2018-09-13 21:08:52
1450741329,大观红楼1,欧丽娟 / 2017 / 北京大学出版社,https://img9.doubanio.com/view/subject/l/public/s29523848.jpg,https://book.douban.com/subject/27105116/,2018-09-13 00:22:18
1466138115,简爱,[英] 夏洛蒂·勃朗特 / 2007 / 上海文艺出版社,https://img9.doubanio.com/view/subject/l/public/s33473798.jpg,https://book.douban.com/subject/2253379/,2018-09-12 15:56:48
1465394080,喜宝,亦舒 / 2007 / 新世界出版社,https://img9.doubanio.com/view/subject/l/public/s5813979.jpg,https://book.douban.com/subject/2022979/,2018-09-11 17:38:46
1464135290,暗算,麦家 / 2006 / 人民文学出版社,https://img9.doubanio.com/view/subject/l/public/s1790278.jpg,https://book.douban.com/subject/1858594/,2018-09-10 00:01:50
1463132825,邻人之妻,[美] 盖伊·特立斯 / 2018 / 上海人民出版社,https://img9.doubanio.com/view/subject/l/public/s29663440.jpg,https://book.douban.com/subject/27091742/,2018-09-08 22:44:58
1461929197,茵梦湖,施托姆 / 2011 / 上海译文出版社,https://img9.doubanio.com/view/subject/l/public/s6571058.jpg,https://book.douban.com/subject/6533164/,2018-09-07 16:17:18
1461670507,陆小凤传奇2：绣花大盗,古龙 / 2013 / 河南文艺出版社,https://img9.doubanio.com/view/subject/l/public/s26307052.jpg,https://book.douban.com/subject/20516998/,2018-09-07 10:11:31
1461245364,陆小凤传奇1：金鹏王朝,古龙 / 2013 / 河南文艺出版社,https://img9.doubanio.com/view/subject/l/public/s26681971.jpg,https://book.douban.com/subject/20516999/,2018-09-06 19:43:38
1458194544,百物语,[日]森鸥外 / 2015 / 清华大学出版社,https://img9.doubanio.com/view/subject/l/public/s28306735.jpg,https://book.douban.com/subject/26632120/,2018-09-03 00:40:33
1454895076,许子东现代文学课,许子东 / 2018 / 上海三联书店,https://img9.doubanio.com/view/subject/l/public/s29769449.jpg,https://book.douban.com/subject/30197986/,2018-08-30 20:11:59
1452788207,舞姬,[日]森鸥外 / 2016 / 陕西师范大学出版社,https://img9.doubanio.com/view/subject/l/public/s28807586.jpg,https://book.douban.com/subject/26797105/,2018-08-28 15:36:33
1442671396,撒哈拉的故事,三毛 / 1976 / 皇冠出版社,https://img9.doubanio.com/view/subject/l/public/s3563113.jpg,https://book.douban.com/subject/1361264/,2018-08-19 13:38:08
1438166730,猫的事务所,[日] 宫泽贤治 / 2016 / 人民文学出版社,https://img9.doubanio.com/view/subject/l/public/s29436362.jpg,https://book.douban.com/subject/26881737/,2018-08-16 02:07:24
1436220556,朝花夕拾,鲁迅 / 2015 / 天津人民出版社,https://img9.doubanio.com/view/subject/l/public/s27970504.jpg,https://book.douban.com/subject/26285184/,2018-08-14 14:34:53
1425408984,特别的猫,[英]多丽丝·莱辛 / 2018 / 译林出版社,https://img9.doubanio.com/view/subject/l/public/s29739240.jpg,https://book.douban.com/subject/27667754/,2018-08-03 17:16:48
1421657795,演技六讲,[美]理查德·波列斯拉夫斯基 / 2018 / 台海出版社,https://img9.doubanio.com/view/subject/l/public/s29771640.jpg,https://book.douban.com/subject/27594570/,2018-07-30 19:04:54
1417494022,房思琪的初恋乐园,林奕含 / 2018 / 北京联合出版公司,https://img9.doubanio.com/view/subject/l/public/s29651121.jpg,https://book.douban.com/subject/27614904/,2018-07-26 15:55:10
1411230596,厨房里的人类学家,庄祖宜 / 2012 / 文化艺术出版社,https://img9.doubanio.com/view/subject/l/public/s4265662.jpg,https://book.douban.com/subject/4246151/,2018-07-19 22:54:16
1407127836,山茶文具店,[日] 小川糸 / 2018 / 湖南文艺出版社,https://img9.doubanio.com/view/subject/l/public/s29707472.jpg,https://book.douban.com/subject/28656614/,2018-07-16 12:15:17
1394719122,远山淡影,[英] 石黑一雄 / 2011 / 上海译文出版社,https://img9.doubanio.com/view/subject/l/public/s33625512.jpg,https://book.douban.com/subject/5988624/,2018-06-24 22:39:34
1393060398,深阅读,[日]斋藤孝 / 2016 / 江西人民出版社,https://img9.doubanio.com/view/subject/l/public/s28964826.jpg,https://book.douban.com/subject/26853123/,2018-06-21 18:14:36
1385893879,查泰莱夫人的情人,[英] D. H. 劳伦斯 / 2013 / 译林出版社,https://img9.doubanio.com/view/subject/l/public/s27297854.jpg,https://book.douban.com/subject/25852235/,2018-06-08 01:00:34
1383820415,威尼斯商人,[英] 威廉·莎士比亚 / 2016 / 上海译文出版社,https://img9.doubanio.com/view/subject/l/public/s28606241.jpg,https://book.douban.com/subject/26693984/,2018-06-03 19:23:56
1382176475,仲夏夜之梦,【英】威廉·莎士比亚 / 2016 / 上海译文出版社,https://img9.doubanio.com/view/subject/l/public/s28606220.jpg,https://book.douban.com/subject/26693998/,2018-05-31 12:43:31
1382006386,墙垣边的人类,尉陈 / 2013 / 清华大学出版社,https://img9.doubanio.com/view/subject/l/public/s26656388.jpg,https://book.douban.com/subject/24718666/,2018-05-31 00:11:19
1381125980,黑暗精靈 3 旅居,R．A．薩爾瓦多（R.A. Salvatore） / 2007 / 奇幻基地,https://img9.doubanio.com/view/subject/l/public/s3258193.jpg,https://book.douban.com/subject/3214780/,2018-05-29 09:31:52
1380853366,黑暗精靈 2 流亡,R．A．薩爾瓦多（R.A. Salvatore） / 2007 / 奇幻基地,https://img9.doubanio.com/view/subject/l/public/s3258192.jpg,https://book.douban.com/subject/3214779/,2018-05-28 18:02:26
1380436671,黑暗精靈 1 故土,R．A．薩爾瓦多（R.A. Salvatore） / 2007 / 奇幻基地,https://img9.doubanio.com/view/subject/l/public/s3258185.jpg,https://book.douban.com/subject/3214774/,2018-05-27 21:45:42
1379278937,夏日终曲,[美] 安德烈·艾席蒙 / 2018 / 外语教学与研究出版社,https://img9.doubanio.com/view/subject/l/public/s29720198.jpg,https://book.douban.com/subject/28659562/,2018-05-25 21:19:09
1378885589,小狗钱钱,[德] 博多·舍费尔 / 2009 / 南海出版公司,https://img9.doubanio.com/view/subject/l/public/s6530133.jpg,https://book.douban.com/subject/3576486/,2018-05-25 00:26:15
1370882611,慢半拍，我的书店光阴,解彩艺 / 2018 / 化学工业出版社,https://img9.doubanio.com/view/subject/l/public/s29719591.jpg,https://book.douban.com/subject/30175376/,2018-05-09 15:58:46
1370319977,灵契,[英] 萨拉·沃特斯 / 2017 / 上海人民出版社,https://img9.doubanio.com/view/subject/l/public/s29576359.jpg,https://book.douban.com/subject/26961102/,2018-05-08 11:22:28
1369893949,假证件,[墨西哥] 瓦莱里娅·路易塞利 / 2018 / 上海人民出版社,https://img9.doubanio.com/view/subject/l/public/s29704025.jpg,https://book.douban.com/subject/30157061/,2018-05-07 13:11:08
1369601198,衣不蔽体,赤桦 / 2017 / 广西师范大学出版社,https://img9.doubanio.com/view/subject/l/public/s29597627.jpg,https://book.douban.com/subject/27187476/,2018-05-06 21:30:16
1290802745,指匠,[英] 萨拉·沃特斯 / 2017 / 上海人民出版社,https://img9.doubanio.com/view/subject/l/public/s29452272.jpg,https://book.douban.com/subject/26952166/,2018-04-28 21:21:23
1364455215,轻舔丝绒,[英] 萨拉·沃特斯 / 2017 / 上海人民出版社,https://img9.doubanio.com/view/subject/l/public/s29576372.jpg,https://book.douban.com/subject/27041894/,2018-04-26 23:17:28
1362233067,自深深处,[英]奥斯卡·王尔德 / 2015 / 译林出版社,https://img9.doubanio.com/view/subject/l/public/s28291826.jpg,https://book.douban.com/subject/26286299/,2018-04-22 14:45:39
1356986903,局外人,[法] 阿尔贝·加缪 / 2010 / 上海译文出版社,https://img9.doubanio.com/view/subject/l/public/s4468484.jpg,https://book.douban.com/subject/4908885/,2018-04-12 12:58:47
1353730574,天上再见,[法]皮耶尔·勒迈特 / 2017 / 江苏凤凰文艺出版社,https://img9.doubanio.com/view/subject/l/public/s29398104.jpg,https://book.douban.com/subject/26787937/,2018-04-06 16:23:45
1350848206,必须找到阿历克斯,[法] 皮耶尔·勒迈特 皮耶尔·勒迈特 / 2018 / 文汇出版社,https://img9.doubanio.com/view/subject/l/public/s29673887.jpg,https://book.douban.com/subject/27605902/,2018-04-01 18:21:04
1350190739,献给阿尔吉侬的花束,[美] 丹尼尔·凯斯 [美]罗杰·泽拉兹尼 / 2014 / 新星出版社,https://img9.doubanio.com/view/subject/l/public/s27260545.jpg,https://book.douban.com/subject/25863256/,2018-03-31 18:14:39
1347724693,鼠疫,[法] 阿尔贝·加缪 / 2011 / 上海译文出版社,https://img9.doubanio.com/view/subject/l/public/s4600605.jpg,https://book.douban.com/subject/5406559/,2018-03-26 20:34:10
1342853356,道林·格雷的画像,[英] 奥斯卡·王尔德 / 2017 / 浙江文艺出版社,https://img9.doubanio.com/view/subject/l/public/s29154885.jpg,https://book.douban.com/subject/26912631/,2018-03-17 20:31:32
1340359349,刺杀骑士团长,[日] 村上春树 / 2018 / 上海译文出版社,https://img9.doubanio.com/view/subject/l/public/s29687411.jpg,https://book.douban.com/subject/27199470/,2018-03-12 23:48:11
1290799058,醒来的女性,[美] 玛丽莲·弗伦奇 / 2017 / 北京联合出版公司,https://img9.doubanio.com/view/subject/l/public/s29469414.jpg,https://book.douban.com/subject/27042344/,2018-03-05 17:57:09
1334707789,山之四季,[日] 高村光太郎 / 2017 / 云南人民出版社,https://img9.doubanio.com/view/subject/l/public/s29344743.jpg,https://book.douban.com/subject/26938527/,2018-03-03 10:45:17
1333866659,如何阅读一本文学书,[美] 托马斯·福斯特 / 2016 / 南海出版公司,https://img9.doubanio.com/view/subject/l/public/s28377231.jpg,https://book.douban.com/subject/26676528/,2018-03-01 21:06:54
1290800683,时光列车,[美] 帕蒂·史密斯 / 2017 / 广西师范大学出版社,https://img9.doubanio.com/view/subject/l/public/s29259640.jpg,https://book.douban.com/subject/26939261/,2018-02-24 11:12:01
1329504145,小说灯笼,[日] 太宰治 / 2017 / 四川文艺出版社,https://img9.doubanio.com/view/subject/l/public/s29450549.jpg,https://book.douban.com/subject/27042834/,2018-02-22 22:57:04
1323756787,中国女性的感情与性,李银河 / 2009 / 内蒙古大学出版社,https://img9.doubanio.com/view/subject/l/public/s4537895.jpg,https://book.douban.com/subject/4120388/,2018-02-14 03:08:05
1322839979,1984,[英] 乔治·奥威尔 / 2016 / 华中科技大学出版社,https://img9.doubanio.com/view/subject/l/public/s28635430.jpg,https://book.douban.com/subject/26773704/,2018-02-12 13:27:18
1322354037,夜莺与玫瑰,[英] 奥斯卡·王尔德 / 2017 / 浙江文艺出版社,https://img9.doubanio.com/view/subject/l/public/s29827195.jpg,https://book.douban.com/subject/27182450/,2018-02-11 15:24:56
1321270080,使女的故事,[加拿大] 玛格丽特·阿特伍德 / 2017 / 上海译文出版社,https://img9.doubanio.com/view/subject/l/public/s29758763.jpg,https://book.douban.com/subject/27113801/,2018-02-09 17:08:46
1313620221,银河帝国：基地七部曲,[美] 艾萨克·阿西莫夫 / 2015 / 江苏凤凰文艺出版社,https://img9.doubanio.com/view/subject/l/public/s28284246.jpg,https://book.douban.com/subject/26389895/,2018-02-07 19:57:45
1304767903,微宇宙的上帝,西奥多·斯特金 艾萨克·阿西莫夫 等 / 2014 / 新星出版社,https://img9.doubanio.com/view/subject/l/public/s27241639.jpg,https://book.douban.com/subject/25816893/,2018-01-12 17:28:38
1303835126,永恒的终结,[美] 艾萨克·阿西莫夫 / 2014 / 江苏凤凰文艺出版社,https://img9.doubanio.com/view/subject/l/public/s27409671.jpg,https://book.douban.com/subject/25829693/,2018-01-10 22:59:22
1299526409,人间采蜜记,李银河 / 2015 / 江西人民出版社,https://img9.doubanio.com/view/subject/l/public/s28269974.jpg,https://book.douban.com/subject/26577691/,2018-01-04 11:55:57
1298367232,三毛,子衿 / 2015 / 北京时代华文书局,https://img9.doubanio.com/view/subject/l/public/s28046843.jpg,https://book.douban.com/subject/26364784/,2018-01-02 16:15:56
1297962568,降临,[美] 特德·姜 / 2017 / 译林出版社,https://img9.doubanio.com/view/subject/l/public/s29298280.jpg,https://book.douban.com/subject/26892084/,2018-01-01 23:31:47
1297189273,威尼斯日记,阿城 / 2015 / 中华书局,https://img9.doubanio.com/view/subject/l/public/s28108858.jpg,https://book.douban.com/subject/26325605/,2017-12-31 21:26:03
1297189015,悲惨世界（上下）,雨果 / 2006 / 上海译文出版社,https://img9.doubanio.com/view/subject/l/public/s1989289.jpg,https://book.douban.com/subject/1880986/,2017-12-31 21:25:40
1297188670,我的前半生,亦舒 / 2007 / 新世界出版社,https://img9.doubanio.com/view/subject/l/public/s2720819.jpg,https://book.douban.com/subject/2230208/,2017-12-31 21:25:10
1297188397,故人故事,赵珩 / 2016 / 中华书局,https://img9.doubanio.com/view/subject/l/public/s29024905.jpg,https://book.douban.com/subject/26854048/,2017-12-31 21:24:44
1297187994,未知图书,,https://img9.doubanio.com/f/frodo/ddc30012b6268cb7371e5e339418018e5fef5e06/pics/subject/book_large.jpg,https://book.douban.com/subject/5980582/,2017-12-31 21:24:09
1297187735,白夜行,[日] 东野圭吾 / 2013 / 南海出版公司,https://img9.doubanio.com/view/subject/l/public/s24514468.jpg,https://book.douban.com/subject/10554308/,2017-12-31 21:23:45
1297187553,嫌疑人X的献身,[日] 东野圭吾 / 2008 / 南海出版公司,https://img9.doubanio.com/view/subject/l/public/s3254244.jpg,https://book.douban.com/subject/3211779/,2017-12-31 21:23:30
1297186412,阴翳礼赞,[日] 谷崎润一郎 / 2010 / 上海译文出版社,https://img9.doubanio.com/view/subject/l/public/s4386238.jpg,https://book.douban.com/subject/4151117/,2017-12-31 21:21:45
1297186306,被掩埋的巨人,[英] 石黑一雄 / 2016 / 上海译文出版社,https://img9.doubanio.com/view/subject/l/public/s29857822.jpg,https://book.douban.com/subject/26575658/,2017-12-31 21:21:33
1297186180,细雪,[日] 谷崎润一郎 / 2011 / 上海译文出版社,https://img9.doubanio.com/view/subject/l/public/s6386778.jpg,https://book.douban.com/subject/6313440/,2017-12-31 21:21:22
1297186045,夜莺书店,[英] 维罗妮卡·亨利（Veronica Henry） / 2017 / 猫头鹰文化·北京联合出版公司,https://img9.doubanio.com/view/subject/l/public/s29411584.jpg,https://book.douban.com/subject/27000514/,2017-12-31 21:21:06
1297185912,东京一年,蒋方舟 [日]伊藤王树 / 2017 / 中信出版社,https://img9.doubanio.com/view/subject/l/public/s29497641.jpg,https://book.douban.com/subject/27074861/,2017-12-31 21:20:53
1297185766,生命，宇宙以及一切,(英)道格拉斯·亚当斯 / 2013 / 上海译文出版社,https://img9.doubanio.com/view/subject/l/public/s23126730.jpg,https://book.douban.com/subject/19938026/,2017-12-31 21:20:39
1297185569,基本无害,(英)道格拉斯·亚当斯 / 2014 / 上海译文出版社,https://img9.doubanio.com/view/subject/l/public/s27160049.jpg,https://book.douban.com/subject/25752979/,2017-12-31 21:20:21
1297185449,再会，谢谢所有的鱼,(英)道格拉斯·亚当斯 / 2013 / 上海译文出版社,https://img9.doubanio.com/view/subject/l/public/s26381141.jpg,https://book.douban.com/subject/21690283/,2017-12-31 21:20:10
1297185316,银河系搭车客指南,[英] 道格拉斯·亚当斯 / 2011 / 上海译文出版社,https://img9.doubanio.com/view/subject/l/public/s6384969.jpg,https://book.douban.com/subject/6265745/,2017-12-31 21:19:57
1297185132,宇宙尽头的餐馆,[英] 道格拉斯·亚当斯 / 2012 / 上海译文出版社,https://img9.doubanio.com/view/subject/l/public/s8935858.jpg,https://book.douban.com/subject/10488563/,2017-12-31 21:19:42
1297184934,三体全集,刘慈欣 / 2012 / 重庆出版社,https://img9.doubanio.com/view/subject/l/public/s28357056.jpg,https://book.douban.com/subject/6518605/,2017-12-31 21:19:26
1297184787,包法利夫人,[法]福楼拜 / 2011 / 上海译文出版社,https://img9.doubanio.com/view/subject/l/public/s6385897.jpg,https://book.douban.com/subject/6313450/,2017-12-31 21:19:12
1297184594,十一字杀人,[日] 东野圭吾 / 2010年1月 / 上海译文出版社,https://img9.doubanio.com/view/subject/l/public/s6131700.jpg,https://book.douban.com/subject/4191587/,2017-12-31 21:18:54
1297184093,阅读是一座随身携带的避难所,[英]毛姆 / 2017 / 北京联合出版公司,https://img9.doubanio.com/view/subject/l/public/s29593746.jpg,https://book.douban.com/subject/27024398/,2017-12-31 21:18:11
1297183953,春琴抄,[日] 谷崎润一郎 / 2016 / 南海出版公司,https://img9.doubanio.com/view/subject/l/public/s28692272.jpg,https://book.douban.com/subject/26780583/,2017-12-31 21:18:00
1297183755,旅行的艺术,[英] 阿兰·德波顿 / 2004 / 上海译文出版社,https://img9.doubanio.com/view/subject/l/public/s1888079.jpg,https://book.douban.com/subject/1056461/,2017-12-31 21:17:47
1297183528,东方快车谋杀案,[英] 阿加莎·克里斯蒂 / 2013 / 新星出版社,https://img9.doubanio.com/view/subject/l/public/s26344659.jpg,https://book.douban.com/subject/24153048/,2017-12-31 21:17:31
1297183127,黎明之街,(日)东野圭吾 / 2012 / 南海出版公司,https://img9.doubanio.com/view/subject/l/public/s8871926.jpg,https://book.douban.com/subject/7067983/,2017-12-31 21:16:58
1297182978,仿生人会梦见电子羊吗？,(美)菲利普·迪克 / 2013 / 译林出版社,https://img9.doubanio.com/view/subject/l/public/s26858994.jpg,https://book.douban.com/subject/24715686/,2017-12-31 21:16:46
1297182784,中国哲学小史,冯友兰 / 2014 / 当代中国出版社,https://img9.doubanio.com/view/subject/l/public/s27219244.jpg,https://book.douban.com/subject/25828075/,2017-12-31 21:16:27
1297182574,永恒的边缘,[英] 肯·福莱特 / 2017 / 江苏凤凰文艺出版社,https://img9.doubanio.com/view/subject/l/public/s29442128.jpg,https://book.douban.com/subject/27025715/,2017-12-31 21:16:10
1297182432,世界的凛冬,[英] 肯·福莱特 / 2017 / 江苏凤凰文艺出版社,https://img9.doubanio.com/view/subject/l/public/s29331058.jpg,https://book.douban.com/subject/26957760/,2017-12-31 21:15:56
1297182256,巨人的陨落,[英] 肯·福莱特 / 2016 / 江苏凤凰文艺出版社,https://img9.doubanio.com/view/subject/l/public/s28668834.jpg,https://book.douban.com/subject/26698660/,2017-12-31 21:15:41
1297182098,我们仨,杨绛 / 2003 / 生活·读书·新知三联书店,https://img9.doubanio.com/view/subject/l/public/s1015872.jpg,https://book.douban.com/subject/1023045/,2017-12-31 21:15:28
1297181909,在中国屏风上,[英] 威廉·萨默塞特·毛姆 / 2013 / 上海译文出版社,https://img9.doubanio.com/view/subject/l/public/s26675117.jpg,https://book.douban.com/subject/21690414/,2017-12-31 21:15:12
1297181762,地心游记,(法)凡尔纳 / 1979 / 中国青年出版社,https://img9.doubanio.com/view/subject/l/public/s2658331.jpg,https://book.douban.com/subject/2213224/,2017-12-31 21:14:58
1297181583,伊豆的舞女,(日)川端康成 / 2005 / 天津人民出版社,https://img9.doubanio.com/view/subject/l/public/s1328098.jpg,https://book.douban.com/subject/1318120/,2017-12-31 21:14:43
1297181437,新参者,[日] 东野圭吾 / 2016 / 南海出版公司,https://img9.doubanio.com/view/subject/l/public/s28363320.jpg,https://book.douban.com/subject/26639966/,2017-12-31 21:14:30
1297181318,唐朝穿越指南,森林鹿 / 2013 / 北京联合出版公司,https://img9.doubanio.com/view/subject/l/public/s24557507.jpg,https://book.douban.com/subject/20389202/,2017-12-31 21:14:17
1297181130,你一定爱读的极简欧洲史,[澳]约翰·赫斯特（John Hirst） / 2011 / 广西师范大学出版社,https://img9.doubanio.com/view/subject/l/public/s4542951.jpg,https://book.douban.com/subject/5366248/,2017-12-31 21:14:00
1297180981,岛上书店,[美] 加布瑞埃拉·泽文 / 2015 / 江苏凤凰文艺出版社,https://img9.doubanio.com/view/subject/l/public/s29810488.jpg,https://book.douban.com/subject/26340138/,2017-12-31 21:13:45
1297180816,查令十字街84号,[美] 海莲·汉芙 / 2016 / 译林出版社,https://img9.doubanio.com/view/subject/l/public/s28671476.jpg,https://book.douban.com/subject/26768309/,2017-12-31 21:13:30
1296711952,台北故宫（修订版）,周兵 / 2015 / 北京时代华文书局,https://img9.doubanio.com/view/subject/l/public/s28316203.jpg,https://book.douban.com/subject/26641150/,2017-12-31 02:09:22
1296608464,穗子,严歌苓 / 2014 / 天津人民出版社,https://img9.doubanio.com/view/subject/l/public/s29319926.jpg,https://book.douban.com/subject/26293007/,2017-12-30 23:41:14
1293488290,时间移民,刘慈欣 / 2014 / 江苏凤凰文艺出版社,https://img9.doubanio.com/view/subject/l/public/s27760627.jpg,https://book.douban.com/subject/26210607/,2017-12-26 21:31:36
1292776072,拼布娃娃,[英] 丹尼尔·科尔 / 2017 / 湖南文艺出版社,https://img9.doubanio.com/view/subject/l/public/s29526014.jpg,https://book.douban.com/subject/27083911/,2017-12-25 19:01:15
1290236079,人类砍头小史,[英]弗朗西斯·拉尔森 / 2016 / 海南出版社,https://img9.doubanio.com/view/subject/l/public/s29039172.jpg,https://book.douban.com/subject/26872888/,2017-12-21 20:50:18
1289484931,超人类革命,[法] 吕克·费希 / 2017 / 湖南科学技术出版社,https://img9.doubanio.com/view/subject/l/public/s29548882.jpg,https://book.douban.com/subject/27133478/,2017-12-20 14:42:18
